{
  "lastPrices": {
    "EURJPY": 184.768,
    "GBPJPY": 212.2875,
    "EURGBP": 0.87033,
    "AUDNZD": 1.171265,
    "AUDJPY": 109.7645,
    "NZDJPY": 93.718,
    "EURCHF": 0.91343,
    "GBPCHF": 1.0495299999999999,
    "CADJPY": 114.473,
    "CHFJPY": 202.291
  },
  "keyLevels": {
    "EURJPY": {
      "recentHigh": 186.236,
      "recentLow": 184.355,
      "currentClose": 184.763,
      "prevClose": 185.419,
      "prevHigh": 185.998,
      "prevLow": 185.404
    },
    "GBPJPY": {
      "recentHigh": 214.433,
      "recentLow": 211.606,
      "currentClose": 212.282,
      "prevClose": 213.11,
      "prevHigh": 213.729,
      "prevLow": 213.08
    },
    "EURGBP": {
      "recentHigh": 0.87416,
      "recentLow": 0.86331,
      "currentClose": 0.87031,
      "prevClose": 0.87001,
      "prevHigh": 0.87036,
      "prevLow": 0.86915
    },
    "AUDNZD": {
      "recentHigh": 1.17342,
      "recentLow": 1.16178,
      "currentClose": 1.17119,
      "prevClose": 1.17167,
      "prevHigh": 1.17342,
      "prevLow": 1.16983
    },
    "AUDJPY": {
      "recentHigh": 110.792,
      "recentLow": 108.048,
      "currentClose": 109.762,
      "prevClose": 110.378,
      "prevHigh": 110.661,
      "prevLow": 110.293
    },
    "NZDJPY": {
      "recentHigh": 94.974,
      "recentLow": 92.855,
      "currentClose": 93.713,
      "prevClose": 94.21,
      "prevHigh": 94.543,
      "prevLow": 93.714
    },
    "EURCHF": {
      "recentHigh": 0.91813,
      "recentLow": 0.91199,
      "currentClose": 0.91337,
      "prevClose": 0.91309,
      "prevHigh": 0.9135,
      "prevLow": 0.91199
    },
    "GBPCHF": {
      "recentHigh": 1.06121,
      "recentLow": 1.04602,
      "currentClose": 1.04948,
      "prevClose": 1.04951,
      "prevHigh": 1.05027,
      "prevLow": 1.04834
    },
    "CADJPY": {
      "recentHigh": 115.32,
      "recentLow": 114.128,
      "currentClose": 114.472,
      "prevClose": 114.866,
      "prevHigh": 115.218,
      "prevLow": 114.677
    },
    "CHFJPY": {
      "recentHigh": 203.658,
      "recentLow": 201.364,
      "currentClose": 202.299,
      "prevClose": 203.078,
      "prevHigh": 203.658,
      "prevLow": 202.858
    }
  },
  "lastScan": "2026-02-10T05:31:37.795Z"
}