{
  "lastPrices": {
    "EURJPY": 185.75349999999997,
    "GBPJPY": 213.1635,
    "EURGBP": 0.871365,
    "AUDNZD": 1.1688049999999999,
    "AUDJPY": 109.976,
    "NZDJPY": 94.09649999999999,
    "EURCHF": 0.91554,
    "GBPCHF": 1.050705,
    "CADJPY": 114.729,
    "CHFJPY": 202.899
  },
  "keyLevels": {
    "EURJPY": {
      "recentHigh": 186.236,
      "recentLow": 184.355,
      "currentClose": 185.754,
      "prevClose": 185.822,
      "prevHigh": 185.917,
      "prevLow": 185.184
    },
    "GBPJPY": {
      "recentHigh": 215.006,
      "recentLow": 211.606,
      "currentClose": 213.162,
      "prevClose": 213.046,
      "prevHigh": 213.214,
      "prevLow": 212.559
    },
    "EURGBP": {
      "recentHigh": 0.87264,
      "recentLow": 0.86123,
      "currentClose": 0.87136,
      "prevClose": 0.87216,
      "prevHigh": 0.87264,
      "prevLow": 0.86916
    },
    "AUDNZD": {
      "recentHigh": 1.17108,
      "recentLow": 1.16178,
      "currentClose": 1.16877,
      "prevClose": 1.17006,
      "prevHigh": 1.17108,
      "prevLow": 1.16735
    },
    "AUDJPY": {
      "recentHigh": 110.792,
      "recentLow": 108.048,
      "currentClose": 109.969,
      "prevClose": 110.175,
      "prevHigh": 110.298,
      "prevLow": 109.912
    },
    "NZDJPY": {
      "recentHigh": 94.974,
      "recentLow": 92.855,
      "currentClose": 94.09,
      "prevClose": 94.163,
      "prevHigh": 94.339,
      "prevLow": 94.098
    },
    "EURCHF": {
      "recentHigh": 0.91835,
      "recentLow": 0.91415,
      "currentClose": 0.91551,
      "prevClose": 0.91629,
      "prevHigh": 0.91707,
      "prevLow": 0.91588
    },
    "GBPCHF": {
      "recentHigh": 1.06561,
      "recentLow": 1.04962,
      "currentClose": 1.05067,
      "prevClose": 1.05059,
      "prevHigh": 1.05506,
      "prevLow": 1.04962
    },
    "CADJPY": {
      "recentHigh": 115.32,
      "recentLow": 114.128,
      "currentClose": 114.727,
      "prevClose": 114.814,
      "prevHigh": 114.913,
      "prevLow": 114.555
    },
    "CHFJPY": {
      "recentHigh": 202.999,
      "recentLow": 201.364,
      "currentClose": 202.901,
      "prevClose": 202.804,
      "prevHigh": 202.916,
      "prevLow": 201.976
    }
  },
  "lastScan": "2026-02-09T11:31:45.199Z"
}