{
  "lastPrices": {
    "EURUSD": 1.1911749999999999,
    "GBPUSD": 1.367,
    "USDJPY": 154.25549999999998,
    "USDCHF": 0.765315,
    "AUDUSD": 0.70851,
    "USDCAD": 1.352605,
    "NZDUSD": 0.6055550000000001,
    "XAUUSD": 5015.92
  },
  "keyLevels": {
    "EURUSD": {
      "recentHigh": 1.19286,
      "recentLow": 1.17656,
      "currentClose": 1.19122,
      "prevClose": 1.19054,
      "prevHigh": 1.19175,
      "prevLow": 1.18885
    },
    "GBPUSD": {
      "recentHigh": 1.37003,
      "recentLow": 1.35086,
      "currentClose": 1.36698,
      "prevClose": 1.36813,
      "prevHigh": 1.36927,
      "prevLow": 1.36578
    },
    "USDJPY": {
      "recentHigh": 157.66,
      "recentLow": 154.07,
      "currentClose": 154.251,
      "prevClose": 154.761,
      "prevHigh": 155.307,
      "prevLow": 154.731
    },
    "USDCHF": {
      "recentHigh": 0.77861,
      "recentLow": 0.76291,
      "currentClose": 0.76523,
      "prevClose": 0.76521,
      "prevHigh": 0.76731,
      "prevLow": 0.76509
    },
    "AUDUSD": {
      "recentHigh": 0.70987,
      "recentLow": 0.6897,
      "currentClose": 0.70853,
      "prevClose": 0.70747,
      "prevHigh": 0.70795,
      "prevLow": 0.70647
    },
    "USDCAD": {
      "recentHigh": 1.37245,
      "recentLow": 1.35241,
      "currentClose": 1.35257,
      "prevClose": 1.3549,
      "prevHigh": 1.35765,
      "prevLow": 1.35487
    },
    "NZDUSD": {
      "recentHigh": 0.60612,
      "recentLow": 0.59281,
      "currentClose": 0.60558,
      "prevClose": 0.60488,
      "prevHigh": 0.6054,
      "prevLow": 0.60377
    },
    "XAUUSD": {
      "recentHigh": 5086.72,
      "recentLow": 4655.4,
      "currentClose": 5014.7,
      "prevClose": 5051.18,
      "prevHigh": 5058.6,
      "prevLow": 5019.76
    }
  },
  "lastScan": "2026-02-10T16:01:48.748Z",
  "levelUpdates": {
    "EURUSD": 1770739309192,
    "GBPUSD": 1770739310196,
    "USDJPY": 1770739311192,
    "USDCHF": 1770739312191,
    "AUDUSD": 1770739313194,
    "USDCAD": 1770739314193,
    "NZDUSD": 1770739315194,
    "XAUUSD": 1770739316191
  }
}