{
  "lastPrices": {
    "EURUSD": 1.19097,
    "GBPUSD": 1.367375,
    "USDJPY": 155.46800000000002,
    "USDCHF": 0.766315,
    "AUDUSD": 0.707365,
    "USDCAD": 1.3566,
    "NZDUSD": 0.604465,
    "XAUUSD": 5048.655000000001
  },
  "keyLevels": {
    "EURUSD": {
      "recentHigh": 1.19266,
      "recentLow": 1.17656,
      "currentClose": 1.19101,
      "prevClose": 1.19074,
      "prevHigh": 1.19171,
      "prevLow": 1.19036
    },
    "GBPUSD": {
      "recentHigh": 1.37003,
      "recentLow": 1.35086,
      "currentClose": 1.36726,
      "prevClose": 1.36783,
      "prevHigh": 1.36963,
      "prevLow": 1.36746
    },
    "USDJPY": {
      "recentHigh": 157.66,
      "recentLow": 155.089,
      "currentClose": 155.53,
      "prevClose": 155.306,
      "prevHigh": 155.834,
      "prevLow": 155.089
    },
    "USDCHF": {
      "recentHigh": 0.77871,
      "recentLow": 0.76568,
      "currentClose": 0.76658,
      "prevClose": 0.7672,
      "prevHigh": 0.76747,
      "prevLow": 0.76568
    },
    "AUDUSD": {
      "recentHigh": 0.70987,
      "recentLow": 0.6897,
      "currentClose": 0.70725,
      "prevClose": 0.70726,
      "prevHigh": 0.70904,
      "prevLow": 0.70693
    },
    "USDCAD": {
      "recentHigh": 1.37245,
      "recentLow": 1.35484,
      "currentClose": 1.35636,
      "prevClose": 1.35569,
      "prevHigh": 1.3559,
      "prevLow": 1.35484
    },
    "NZDUSD": {
      "recentHigh": 0.60599,
      "recentLow": 0.59281,
      "currentClose": 0.60437,
      "prevClose": 0.60389,
      "prevHigh": 0.60517,
      "prevLow": 0.60358
    },
    "XAUUSD": {
      "recentHigh": 5086.72,
      "recentLow": 4655.4,
      "currentClose": 5046.52,
      "prevClose": 5039.53,
      "prevHigh": 5056.38,
      "prevLow": 5011.42
    }
  },
  "lastScan": "2026-02-10T09:03:45.297Z",
  "levelUpdates": {
    "EURUSD": 1770713705549,
    "GBPUSD": 1770713706554,
    "USDJPY": 1770713707549,
    "USDCHF": 1770713708548,
    "AUDUSD": 1770713709549,
    "USDCAD": 1770713710551,
    "NZDUSD": 1770713711547,
    "XAUUSD": 1770713712549
  }
}