{
  "lastPrices": {
    "EURUSD": 1.1868850000000002,
    "GBPUSD": 1.360745,
    "USDJPY": 156.44400000000002,
    "USDCHF": 0.771945,
    "AUDUSD": 0.7044349999999999,
    "USDCAD": 1.36341,
    "NZDUSD": 0.6018749999999999,
    "XAUUSD": 5025.225
  },
  "keyLevels": {
    "EURUSD": {
      "recentHigh": 1.18644,
      "recentLow": 1.17656,
      "currentClose": 1.18596,
      "prevClose": 1.18334,
      "prevHigh": 1.18363,
      "prevLow": 1.1816
    },
    "GBPUSD": {
      "recentHigh": 1.37333,
      "recentLow": 1.35086,
      "currentClose": 1.35993,
      "prevClose": 1.36143,
      "prevHigh": 1.36171,
      "prevLow": 1.35908
    },
    "USDJPY": {
      "recentHigh": 157.66,
      "recentLow": 156.125,
      "currentClose": 156.71,
      "prevClose": 156.612,
      "prevHigh": 156.938,
      "prevLow": 156.524
    },
    "USDCHF": {
      "recentHigh": 0.77871,
      "recentLow": 0.77245,
      "currentClose": 0.77291,
      "prevClose": 0.7749,
      "prevHigh": 0.77649,
      "prevLow": 0.77468
    },
    "AUDUSD": {
      "recentHigh": 0.70431,
      "recentLow": 0.6897,
      "currentClose": 0.70372,
      "prevClose": 0.7029,
      "prevHigh": 0.70335,
      "prevLow": 0.70169
    },
    "USDCAD": {
      "recentHigh": 1.37245,
      "recentLow": 1.36245,
      "currentClose": 1.36426,
      "prevClose": 1.36553,
      "prevHigh": 1.36674,
      "prevLow": 1.36526
    },
    "NZDUSD": {
      "recentHigh": 0.60474,
      "recentLow": 0.59281,
      "currentClose": 0.60105,
      "prevClose": 0.60192,
      "prevHigh": 0.60217,
      "prevLow": 0.60114
    },
    "XAUUSD": {
      "recentHigh": 5091.92,
      "recentLow": 4655.4,
      "currentClose": 5025.32,
      "prevClose": 5037.06,
      "prevHigh": 5041.56,
      "prevLow": 4969.09
    }
  },
  "lastScan": "2026-02-09T09:25:04.414Z",
  "levelUpdates": {
    "EURUSD": 1770627307760,
    "GBPUSD": 1770627308763,
    "USDJPY": 1770627309759,
    "USDCHF": 1770627310761,
    "AUDUSD": 1770627311759,
    "USDCAD": 1770627312758,
    "NZDUSD": 1770627313760,
    "XAUUSD": 1770627314762
  }
}