{
  "lastPrices": {
    "EURUSD": 1.186515,
    "GBPUSD": 1.362325,
    "USDJPY": 156.55,
    "USDCHF": 0.771625,
    "AUDUSD": 0.7026749999999999,
    "USDCAD": 1.36459,
    "NZDUSD": 0.601085,
    "XAUUSD": 5003.89
  },
  "keyLevels": {
    "EURUSD": {
      "recentHigh": 1.18698,
      "recentLow": 1.17656,
      "currentClose": 1.18606,
      "prevClose": 1.18622,
      "prevHigh": 1.18698,
      "prevLow": 1.1833
    },
    "GBPUSD": {
      "recentHigh": 1.37333,
      "recentLow": 1.35086,
      "currentClose": 1.36075,
      "prevClose": 1.36008,
      "prevHigh": 1.3629,
      "prevLow": 1.35864
    },
    "USDJPY": {
      "recentHigh": 157.66,
      "recentLow": 156.218,
      "currentClose": 156.63,
      "prevClose": 156.644,
      "prevHigh": 156.778,
      "prevLow": 156.294
    },
    "USDCHF": {
      "recentHigh": 0.77871,
      "recentLow": 0.77164,
      "currentClose": 0.77217,
      "prevClose": 0.77245,
      "prevHigh": 0.77495,
      "prevLow": 0.77164
    },
    "AUDUSD": {
      "recentHigh": 0.70453,
      "recentLow": 0.6897,
      "currentClose": 0.70213,
      "prevClose": 0.70335,
      "prevHigh": 0.70453,
      "prevLow": 0.70236
    },
    "USDCAD": {
      "recentHigh": 1.37245,
      "recentLow": 1.36245,
      "currentClose": 1.36485,
      "prevClose": 1.36443,
      "prevHigh": 1.36578,
      "prevLow": 1.36335
    },
    "NZDUSD": {
      "recentHigh": 0.60474,
      "recentLow": 0.59281,
      "currentClose": 0.60054,
      "prevClose": 0.60111,
      "prevHigh": 0.60268,
      "prevLow": 0.60084
    },
    "XAUUSD": {
      "recentHigh": 5091.92,
      "recentLow": 4655.4,
      "currentClose": 4996.08,
      "prevClose": 5007.75,
      "prevHigh": 5045.58,
      "prevLow": 4997.62
    }
  },
  "lastScan": "2026-02-09T11:35:05.931Z",
  "levelUpdates": {
    "EURUSD": 1770635407645,
    "GBPUSD": 1770635408644,
    "USDJPY": 1770635409646,
    "USDCHF": 1770635410648,
    "AUDUSD": 1770635411644,
    "USDCAD": 1770635412647,
    "NZDUSD": 1770635413645,
    "XAUUSD": 1770635414645
  }
}