{
  "lastPrices": {
    "EURUSD": 1.18145,
    "GBPUSD": 1.361035,
    "USDJPY": 157.2415,
    "USDCHF": 0.775825,
    "AUDUSD": 0.7017100000000001,
    "USDCAD": 1.3665250000000002,
    "NZDUSD": 0.6018049999999999,
    "XAUUSD": 4965.9400000000005
  },
  "keyLevels": {
    "EURUSD": {
      "recentHigh": 1.18379,
      "recentLow": 1.17656,
      "currentClose": 1.18138,
      "prevClose": 1.1818,
      "prevHigh": 1.18261,
      "prevLow": 1.18052
    },
    "GBPUSD": {
      "recentHigh": 1.37333,
      "recentLow": 1.35086,
      "currentClose": 1.36092,
      "prevClose": 1.36183,
      "prevHigh": 1.36234,
      "prevLow": 1.35875
    },
    "USDJPY": {
      "recentHigh": 157.337,
      "recentLow": 155.528,
      "currentClose": 157.21,
      "prevClose": 157.052,
      "prevHigh": 157.132,
      "prevLow": 156.781
    },
    "USDCHF": {
      "recentHigh": 0.7788,
      "recentLow": 0.77385,
      "currentClose": 0.77553,
      "prevClose": 0.77542,
      "prevHigh": 0.77714,
      "prevLow": 0.77507
    },
    "AUDUSD": {
      "recentHigh": 0.70431,
      "recentLow": 0.6897,
      "currentClose": 0.70166,
      "prevClose": 0.70208,
      "prevHigh": 0.70247,
      "prevLow": 0.69905
    },
    "USDCAD": {
      "recentHigh": 1.37245,
      "recentLow": 1.36245,
      "currentClose": 1.36617,
      "prevClose": 1.36445,
      "prevHigh": 1.36578,
      "prevLow": 1.36245
    },
    "NZDUSD": {
      "recentHigh": 0.60633,
      "recentLow": 0.59281,
      "currentClose": 0.60166,
      "prevClose": 0.60235,
      "prevHigh": 0.60264,
      "prevLow": 0.60009
    },
    "XAUUSD": {
      "recentHigh": 5091.92,
      "recentLow": 4655.4,
      "currentClose": 4965.74,
      "prevClose": 4960.67,
      "prevHigh": 4968.64,
      "prevLow": 4894.6
    }
  },
  "lastScan": "2026-02-07T22:11:30.582Z",
  "levelUpdates": {
    "EURUSD": 1770502291486,
    "GBPUSD": 1770502292393,
    "USDJPY": 1770502293464,
    "USDCHF": 1770502294471,
    "AUDUSD": 1770502295467,
    "USDCAD": 1770502296466,
    "NZDUSD": 1770502297465,
    "XAUUSD": 1770502298462
  }
}